affected_edge_length_m,alternative_path_edge_count,candidate_edge_count,evaluated_edge_count,evaluation_state,excluded_low_confidence_count,local_connectivity_loss_count,local_connectivity_loss_fraction,max_added_replacement_distance_m,max_replacement_ratio,median_added_replacement_distance_m,median_replacement_ratio,p90_replacement_ratio,restriction_id,restriction_set_component_increase,restriction_set_disconnected_boundary_pair_count,scenario,set_evaluation_reason,set_evaluation_state,source_candidate_count
65.00692699743145,2,2,2,EVALUATED,0,0,0.0,171.20428807852352,4.489101313448876,101.61450035863868,3.7491768101243714,4.341116412783975,Tor-RD1H2026-1702-5,0,0,HIGH_ONLY,,EVALUATED,2
65.00692699743145,2,2,2,EVALUATED,0,0,0.0,171.20428807852352,4.489101313448876,101.61450035863868,3.7491768101243714,4.341116412783975,Tor-RD1H2026-1702-5,0,0,HIGH_MEDIUM,,EVALUATED,2
196.0651861805455,1,2,2,EVALUATED,0,1,0.5,432.58237829631764,5.3341437720631895,432.58237829631764,5.3341437720631895,5.3341437720631895,Tor-RD52026-1849-9,1,2,HIGH_ONLY,,EVALUATED,4
382.1211594614234,3,4,4,EVALUATED,0,1,0.25,432.58237829631764,9.540030946400606,402.94149553931993,5.3341437720631895,8.698853511533123,Tor-RD52026-1849-9,,,HIGH_MEDIUM,EDGE_SET_EXCEEDS_BOUND,NOT_EVALUATED,4
0,0,0,0,INSUFFICIENT_EVIDENCE,0,0,,,,,,,Tor-RD52026-5213,,0,HIGH_ONLY,,INSUFFICIENT_EVIDENCE,1
231.73636099044919,1,1,1,EVALUATED,0,0,0.0,197.91078149431038,1.8540342165054844,197.91078149431038,1.8540342165054844,1.8540342165054844,Tor-RD52026-5213,0,0,HIGH_MEDIUM,,EVALUATED,1
0,0,0,0,INSUFFICIENT_EVIDENCE,0,0,,,,,,,Tor-RD52026-874-21,,0,HIGH_ONLY,,INSUFFICIENT_EVIDENCE,6
745.8493698180703,6,6,6,EVALUATED,0,0,0.0,719.7944758685553,7.544373798781917,229.1572207130144,3.4384995778636185,7.252486763932012,Tor-RD52026-874-21,,,HIGH_MEDIUM,EDGE_SET_EXCEEDS_BOUND,NOT_EVALUATED,6
519.4904221997967,3,3,3,EVALUATED,0,0,0.0,551.5739617407799,5.474170115080823,526.503945001288,5.1956770753823465,5.418471507141128,Tor-RD52026-874-6,,,HIGH_ONLY,EDGE_SET_EXCEEDS_BOUND,NOT_EVALUATED,5
764.0528539240221,5,5,5,EVALUATED,0,0,0.0,553.6944847859614,5.530333998806724,532.7922693922153,5.354903193020437,5.5078684453163635,Tor-RD52026-874-6,,,HIGH_MEDIUM,EDGE_SET_EXCEEDS_BOUND,NOT_EVALUATED,5
61.77759863291033,1,1,1,EVALUATED,0,0,0.0,388.40840223280054,7.2872045988833,388.40840223280054,7.2872045988833,7.2872045988833,Tor-RD1H2026-1763-1-1,0,0,HIGH_ONLY,,EVALUATED,1
61.77759863291033,1,1,1,EVALUATED,0,0,0.0,388.40840223280054,7.2872045988833,388.40840223280054,7.2872045988833,7.2872045988833,Tor-RD1H2026-1763-1-1,0,0,HIGH_MEDIUM,,EVALUATED,1
0,0,0,0,INSUFFICIENT_EVIDENCE,1,0,,,,,,,Tor-RDAR2024-3900-1,,0,HIGH_ONLY,,INSUFFICIENT_EVIDENCE,1
0,0,0,0,INSUFFICIENT_EVIDENCE,1,0,,,,,,,Tor-RDAR2024-3900-1,,0,HIGH_MEDIUM,,INSUFFICIENT_EVIDENCE,1
51.73629497897743,2,2,2,EVALUATED,0,0,0.0,59.689708878944586,3.3293570197675324,59.20335830299521,3.289037628482773,3.3212931415105804,Tor-RD042026-948,0,0,HIGH_ONLY,,EVALUATED,2
51.73629497897743,2,2,2,EVALUATED,0,0,0.0,59.689708878944586,3.3293570197675324,59.20335830299521,3.289037628482773,3.3212931415105804,Tor-RD042026-948,0,0,HIGH_MEDIUM,,EVALUATED,2
322.44861014426715,2,2,2,EVALUATED,0,0,0.0,412.2401491106685,6.09404021378663,287.589946648013,3.8843378518542124,5.652099741400146,Tor-RD1H2026-1828-1,0,0,HIGH_ONLY,,EVALUATED,3
423.70933961472065,3,3,3,EVALUATED,0,0,0.0,412.2401491106685,6.09404021378663,371.5706315796358,4.6694445469905,5.8091210804274045,Tor-RD1H2026-1828-1,,,HIGH_MEDIUM,EDGE_SET_EXCEEDS_BOUND,NOT_EVALUATED,3
208.4699236924303,3,3,3,EVALUATED,0,0,0.0,899.4582784768311,40.75465708060824,798.6736760422903,10.977725045397907,34.79927067356617,Tor-RD1H2026-826-2,,,HIGH_ONLY,EDGE_SET_EXCEEDS_BOUND,NOT_EVALUATED,7
900.8591032023999,7,7,7,EVALUATED,0,0,0.0,899.4582784768311,40.75465708060824,499.6076619342076,5.819397281888009,22.88849785948205,Tor-RD1H2026-826-2,,,HIGH_MEDIUM,EDGE_SET_EXCEEDS_BOUND,NOT_EVALUATED,7
0,0,0,0,INSUFFICIENT_EVIDENCE,0,0,,,,,,,Tor-RD1H2026-1340-9,,0,HIGH_ONLY,,INSUFFICIENT_EVIDENCE,1
95.51982254113243,1,1,1,EVALUATED,0,0,0.0,620.1012142985148,7.491858944058327,620.1012142985148,7.491858944058327,7.491858944058327,Tor-RD1H2026-1340-9,0,0,HIGH_MEDIUM,,EVALUATED,1
433.307550999647,5,6,6,EVALUATED,0,1,0.16666666666666666,500.08619494799484,11.116565715169617,474.49747668317536,5.748124425388946,9.299580253862818,Tor-RD1H2025-1020-1,,,HIGH_ONLY,EDGE_SET_EXCEEDS_BOUND,NOT_EVALUATED,11
624.1674694899449,10,11,11,EVALUATED,0,1,0.09090909090909091,760.7752078220873,20.04349325153683,305.25311614800324,7.542152279134699,18.42528988252544,Tor-RD1H2025-1020-1,,,HIGH_MEDIUM,EDGE_SET_EXCEEDS_BOUND,NOT_EVALUATED,11
0,0,0,0,INSUFFICIENT_EVIDENCE,0,0,,,,,,,Tor-RD012026-1277-8,,0,HIGH_ONLY,,INSUFFICIENT_EVIDENCE,0
0,0,0,0,INSUFFICIENT_EVIDENCE,0,0,,,,,,,Tor-RD012026-1277-8,,0,HIGH_MEDIUM,,INSUFFICIENT_EVIDENCE,0
0,0,0,0,INSUFFICIENT_EVIDENCE,0,0,,,,,,,Tor-RD52026-5066,,0,HIGH_ONLY,,INSUFFICIENT_EVIDENCE,1
196.468092567514,1,1,1,EVALUATED,0,0,0.0,154.36787019975637,1.7857147091032588,154.36787019975637,1.7857147091032588,1.7857147091032588,Tor-RD52026-5066,0,0,HIGH_MEDIUM,,EVALUATED,1
0,0,0,0,INSUFFICIENT_EVIDENCE,0,0,,,,,,,Tor-RD012026-1277-1,,0,HIGH_ONLY,,INSUFFICIENT_EVIDENCE,0
0,0,0,0,INSUFFICIENT_EVIDENCE,0,0,,,,,,,Tor-RD012026-1277-1,,0,HIGH_MEDIUM,,INSUFFICIENT_EVIDENCE,0
0,0,0,0,INSUFFICIENT_EVIDENCE,0,0,,,,,,,Tor-RD012026-1277-3,,0,HIGH_ONLY,,INSUFFICIENT_EVIDENCE,0
0,0,0,0,INSUFFICIENT_EVIDENCE,0,0,,,,,,,Tor-RD012026-1277-3,,0,HIGH_MEDIUM,,INSUFFICIENT_EVIDENCE,0
0,0,0,0,INSUFFICIENT_EVIDENCE,0,0,,,,,,,Tor-RD012026-1277-5,,0,HIGH_ONLY,,INSUFFICIENT_EVIDENCE,0
0,0,0,0,INSUFFICIENT_EVIDENCE,0,0,,,,,,,Tor-RD012026-1277-5,,0,HIGH_MEDIUM,,INSUFFICIENT_EVIDENCE,0
0,0,0,0,INSUFFICIENT_EVIDENCE,0,0,,,,,,,Tor-RD52026-4917-3,,0,HIGH_ONLY,,INSUFFICIENT_EVIDENCE,1
58.9961267925021,1,1,1,EVALUATED,0,0,0.0,206.19385119003036,4.495040478085009,206.19385119003036,4.495040478085009,4.495040478085009,Tor-RD52026-4917-3,0,0,HIGH_MEDIUM,,EVALUATED,1
0,0,0,0,INSUFFICIENT_EVIDENCE,0,0,,,,,,,Tor-RD012026-1427-7,,0,HIGH_ONLY,,INSUFFICIENT_EVIDENCE,0
0,0,0,0,INSUFFICIENT_EVIDENCE,0,0,,,,,,,Tor-RD012026-1427-7,,0,HIGH_MEDIUM,,INSUFFICIENT_EVIDENCE,0
0,0,0,0,INSUFFICIENT_EVIDENCE,0,0,,,,,,,Tor-RD012026-1427-1,,0,HIGH_ONLY,,INSUFFICIENT_EVIDENCE,0
0,0,0,0,INSUFFICIENT_EVIDENCE,0,0,,,,,,,Tor-RD012026-1427-1,,0,HIGH_MEDIUM,,INSUFFICIENT_EVIDENCE,0
69.03151760156568,1,1,1,EVALUATED,0,0,0.0,491.6685046798602,8.12237716571233,491.6685046798602,8.12237716571233,8.12237716571233,Tor-RD52026-5468-2,0,0,HIGH_ONLY,,EVALUATED,2
161.50794541768255,2,2,2,EVALUATED,0,0,0.0,491.6685046798602,8.12237716571233,468.223594465309,6.966010518318303,7.891103836233524,Tor-RD52026-5468-2,1,2,HIGH_MEDIUM,,EVALUATED,2
0,0,0,0,INSUFFICIENT_EVIDENCE,0,0,,,,,,,Tor-RD1H2026-1634-2,,0,HIGH_ONLY,,INSUFFICIENT_EVIDENCE,1
293.90234168374116,1,1,1,EVALUATED,0,0,0.0,255.82861026123953,1.8704544808851113,255.82861026123953,1.8704544808851113,1.8704544808851113,Tor-RD1H2026-1634-2,0,0,HIGH_MEDIUM,,EVALUATED,1
131.0584178030607,1,1,1,EVALUATED,0,0,0.0,121.58141582154184,1.9276887197298551,121.58141582154184,1.9276887197298551,1.9276887197298551,Tor-RD012026-1399,0,0,HIGH_ONLY,,EVALUATED,4
329.4689917183826,4,4,4,EVALUATED,0,0,0.0,267.68818730736666,5.628489602017058,146.58680660730548,3.087789188704563,4.895163371830376,Tor-RD012026-1399,,,HIGH_MEDIUM,EDGE_SET_EXCEEDS_BOUND,NOT_EVALUATED,4
17.38719170313645,1,1,1,EVALUATED,0,0,0.0,32.13370796448176,2.848125247200513,32.13370796448176,2.848125247200513,2.848125247200513,Tor-RD012026-1225-1,0,0,HIGH_ONLY,,EVALUATED,1
17.38719170313645,1,1,1,EVALUATED,0,0,0.0,32.13370796448176,2.848125247200513,32.13370796448176,2.848125247200513,2.848125247200513,Tor-RD012026-1225-1,0,0,HIGH_MEDIUM,,EVALUATED,1
0,0,0,0,INSUFFICIENT_EVIDENCE,0,0,,,,,,,Tor-RD52026-5253,,0,HIGH_ONLY,,INSUFFICIENT_EVIDENCE,1
99.90722974667145,1,1,1,EVALUATED,0,0,0.0,200.32674076656414,3.005127569591512,200.32674076656414,3.005127569591512,3.005127569591512,Tor-RD52026-5253,0,0,HIGH_MEDIUM,,EVALUATED,1
83.66811061076729,2,2,2,EVALUATED,0,0,0.0,241.4505023181628,13.630739818720826,203.95498724274188,8.604713758114443,12.625534606599551,Tor-RD1H2026-1372-5-3,0,0,HIGH_ONLY,,EVALUATED,5
207.6431615243718,5,5,5,EVALUATED,0,0,0.0,241.4505023181628,13.630739818720826,166.45947216732094,3.5786876975080597,12.021255429814676,Tor-RD1H2026-1372-5-3,,,HIGH_MEDIUM,EDGE_SET_EXCEEDS_BOUND,NOT_EVALUATED,5
85.11893876292851,2,2,2,EVALUATED,0,0,0.0,99.00719680052637,3.376113974686321,97.22365175632436,3.286300702953638,3.3581513203397844,Tor-RD1H2026-601-8,0,0,HIGH_ONLY,,EVALUATED,6
275.8012802920997,4,6,6,EVALUATED,0,2,0.3333333333333333,148.48216995707043,3.9093936621480925,97.22365175632436,3.286300702953638,3.749409755909561,Tor-RD1H2026-601-8,,,HIGH_MEDIUM,EDGE_SET_EXCEEDS_BOUND,NOT_EVALUATED,6
663.7970266986969,11,11,11,EVALUATED,0,0,0.0,695.4971971832447,15.2418041502042,222.72397564825795,5.778930143568784,7.115471126791792,Tor-RD1H2026-1374-1,,,HIGH_ONLY,EDGE_SET_EXCEEDS_BOUND,NOT_EVALUATED,24
1506.3271698899996,24,24,24,EVALUATED,0,0,0.0,695.4971971832447,45.24853669725286,211.13151118899424,4.920398574240977,13.472437598719207,Tor-RD1H2026-1374-1,,,HIGH_MEDIUM,EDGE_SET_EXCEEDS_BOUND,NOT_EVALUATED,24
0,0,0,0,INSUFFICIENT_EVIDENCE,0,0,,,,,,,Tor-RD52026-5526,,0,HIGH_ONLY,,INSUFFICIENT_EVIDENCE,1
31.14876900688364,1,1,1,EVALUATED,0,0,0.0,64.81392237678028,3.0807859971113754,64.81392237678028,3.0807859971113754,3.0807859971113754,Tor-RD52026-5526,0,0,HIGH_MEDIUM,,EVALUATED,1
1095.6565338579924,10,11,11,EVALUATED,0,1,0.09090909090909091,1077.22252197608,18.764859212309293,699.1048363193579,8.280225396625312,17.059521110376878,Tor-RD52026-5410-3-1,,,HIGH_ONLY,EDGE_SET_EXCEEDS_BOUND,NOT_EVALUATED,18
1892.8808579997103,17,18,18,EVALUATED,0,1,0.05555555555555555,1077.22252197608,18.764859212309293,609.3658927022826,8.00386968842641,15.710617782381537,Tor-RD52026-5410-3-1,,,HIGH_MEDIUM,EDGE_SET_EXCEEDS_BOUND,NOT_EVALUATED,18
0,0,0,0,INSUFFICIENT_EVIDENCE,0,0,,,,,,,Tor-RD52026-5418,,0,HIGH_ONLY,,INSUFFICIENT_EVIDENCE,1
203.85078195870122,1,1,1,EVALUATED,0,0,0.0,174.11494398796535,1.8541293897182098,174.11494398796535,1.8541293897182098,1.8541293897182098,Tor-RD52026-5418,0,0,HIGH_MEDIUM,,EVALUATED,1
51.88675211583738,1,1,1,EVALUATED,0,0,0.0,298.05038351803273,6.74424822067556,298.05038351803273,6.74424822067556,6.74424822067556,Tor-RD52026-5382-2,0,0,HIGH_ONLY,,EVALUATED,3
168.04143581402604,3,3,3,EVALUATED,0,0,0.0,652.0829576692367,10.648217235502473,332.8306882539095,8.985528512598949,10.315679490921768,Tor-RD52026-5382-2,,,HIGH_MEDIUM,EDGE_SET_EXCEEDS_BOUND,NOT_EVALUATED,3
0,0,0,0,INSUFFICIENT_EVIDENCE,0,0,,,,,,,Tor-RD012026-1384-2,,0,HIGH_ONLY,,INSUFFICIENT_EVIDENCE,0
0,0,0,0,INSUFFICIENT_EVIDENCE,0,0,,,,,,,Tor-RD012026-1384-2,,0,HIGH_MEDIUM,,INSUFFICIENT_EVIDENCE,0
0,0,0,0,INSUFFICIENT_EVIDENCE,0,0,,,,,,,Tor-RD52026-5232-4,,0,HIGH_ONLY,,INSUFFICIENT_EVIDENCE,3
53.32357792144866,3,3,3,EVALUATED,0,0,0.0,670.4621358273367,90.33455281489161,385.14954632546915,19.336306286949846,76.13490350930326,Tor-RD52026-5232-4,,,HIGH_MEDIUM,EDGE_SET_EXCEEDS_BOUND,NOT_EVALUATED,3
0,0,0,0,INSUFFICIENT_EVIDENCE,0,0,,,,,,,Tor-RD012026-1424-2,,0,HIGH_ONLY,,INSUFFICIENT_EVIDENCE,0
0,0,0,0,INSUFFICIENT_EVIDENCE,0,0,,,,,,,Tor-RD012026-1424-2,,0,HIGH_MEDIUM,,INSUFFICIENT_EVIDENCE,0
0,0,0,0,INSUFFICIENT_EVIDENCE,0,0,,,,,,,Tor-RD012026-1424-1,,0,HIGH_ONLY,,INSUFFICIENT_EVIDENCE,0
0,0,0,0,INSUFFICIENT_EVIDENCE,0,0,,,,,,,Tor-RD012026-1424-1,,0,HIGH_MEDIUM,,INSUFFICIENT_EVIDENCE,0
0,0,0,0,INSUFFICIENT_EVIDENCE,0,0,,,,,,,Tor-RD012026-1535-5,,0,HIGH_ONLY,,INSUFFICIENT_EVIDENCE,4
240.14040365932138,4,4,4,EVALUATED,0,0,0.0,201.64987427819554,5.508596241677774,99.99417106998283,3.1800006173428477,5.001402082188715,Tor-RD012026-1535-5,,,HIGH_MEDIUM,EDGE_SET_EXCEEDS_BOUND,NOT_EVALUATED,4
19.39178217758665,1,1,1,EVALUATED,0,0,0.0,44.40170000607637,3.289717345185354,44.40170000607637,3.289717345185354,3.289717345185354,Tor-RD1S2026-1036-1,0,0,HIGH_ONLY,,EVALUATED,1
19.39178217758665,1,1,1,EVALUATED,0,0,0.0,44.40170000607637,3.289717345185354,44.40170000607637,3.289717345185354,3.289717345185354,Tor-RD1S2026-1036-1,0,0,HIGH_MEDIUM,,EVALUATED,1
0,0,0,0,INSUFFICIENT_EVIDENCE,0,0,,,,,,,Tor-RD52026-4202-3,,0,HIGH_ONLY,,INSUFFICIENT_EVIDENCE,1
43.240178755834656,1,1,1,EVALUATED,0,0,0.0,86.69778622187121,3.005028395267042,86.69778622187121,3.005028395267042,3.005028395267042,Tor-RD52026-4202-3,0,0,HIGH_MEDIUM,,EVALUATED,1
0,0,0,0,INSUFFICIENT_EVIDENCE,0,0,,,,,,,Tor-RD012026-1430,,0,HIGH_ONLY,,INSUFFICIENT_EVIDENCE,0
0,0,0,0,INSUFFICIENT_EVIDENCE,0,0,,,,,,,Tor-RD012026-1430,,0,HIGH_MEDIUM,,INSUFFICIENT_EVIDENCE,0
0,0,0,0,INSUFFICIENT_EVIDENCE,0,0,,,,,,,Tor-RD012026-1408,,0,HIGH_ONLY,,INSUFFICIENT_EVIDENCE,0
0,0,0,0,INSUFFICIENT_EVIDENCE,0,0,,,,,,,Tor-RD012026-1408,,0,HIGH_MEDIUM,,INSUFFICIENT_EVIDENCE,0
0,0,0,0,INSUFFICIENT_EVIDENCE,0,0,,,,,,,Tor-RD1H2026-1744,,0,HIGH_ONLY,,INSUFFICIENT_EVIDENCE,1
86.79109727880737,1,1,1,EVALUATED,0,0,0.0,56.623272658662614,1.6524087658065463,56.623272658662614,1.6524087658065463,1.6524087658065463,Tor-RD1H2026-1744,0,0,HIGH_MEDIUM,,EVALUATED,1
0,0,0,0,INSUFFICIENT_EVIDENCE,0,0,,,,,,,Tor-RD52026-5242-4,,0,HIGH_ONLY,,INSUFFICIENT_EVIDENCE,2
130.8366499605957,2,2,2,EVALUATED,0,0,0.0,477.50217652418377,10.711108253598782,445.0069648535441,8.381159045907324,10.245118412060492,Tor-RD52026-5242-4,1,2,HIGH_MEDIUM,,EVALUATED,2
0,0,0,0,INSUFFICIENT_EVIDENCE,0,0,,,,,,,Tor-RD012026-1423-1,,0,HIGH_ONLY,,INSUFFICIENT_EVIDENCE,0
0,0,0,0,INSUFFICIENT_EVIDENCE,0,0,,,,,,,Tor-RD012026-1423-1,,0,HIGH_MEDIUM,,INSUFFICIENT_EVIDENCE,0
0,0,0,0,INSUFFICIENT_EVIDENCE,0,0,,,,,,,Tor-RD012026-1423-2,,0,HIGH_ONLY,,INSUFFICIENT_EVIDENCE,0
0,0,0,0,INSUFFICIENT_EVIDENCE,0,0,,,,,,,Tor-RD012026-1423-2,,0,HIGH_MEDIUM,,INSUFFICIENT_EVIDENCE,0
23.954025702184396,1,1,1,EVALUATED,0,0,0.0,55.97095482964818,3.3365990971840747,55.97095482964818,3.3365990971840747,3.3365990971840747,Tor-RD042026-1044-6,0,0,HIGH_ONLY,,EVALUATED,1
23.954025702184396,1,1,1,EVALUATED,0,0,0.0,55.97095482964818,3.3365990971840747,55.97095482964818,3.3365990971840747,3.3365990971840747,Tor-RD042026-1044-6,0,0,HIGH_MEDIUM,,EVALUATED,1
43.728067941896754,0,1,1,EVALUATED,0,1,1.0,,,,,,Tor-RD52026-5229,1,1,HIGH_ONLY,,EVALUATED,1
43.728067941896754,0,1,1,EVALUATED,0,1,1.0,,,,,,Tor-RD52026-5229,1,1,HIGH_MEDIUM,,EVALUATED,1
0,0,0,0,INSUFFICIENT_EVIDENCE,0,0,,,,,,,Tor-RD1S2026-1037,,0,HIGH_ONLY,,INSUFFICIENT_EVIDENCE,1
143.08520325137934,1,1,1,EVALUATED,0,0,0.0,23.651943771731,1.1652997181698659,23.651943771731,1.1652997181698659,1.1652997181698659,Tor-RD1S2026-1037,0,0,HIGH_MEDIUM,,EVALUATED,1
0,0,0,0,INSUFFICIENT_EVIDENCE,0,0,,,,,,,Tor-RD1H2026-1721-1-1,,0,HIGH_ONLY,,INSUFFICIENT_EVIDENCE,1
26.57671353147292,1,1,1,EVALUATED,0,0,0.0,71.09263069034311,3.674997064861054,71.09263069034311,3.674997064861054,3.674997064861054,Tor-RD1H2026-1721-1-1,0,0,HIGH_MEDIUM,,EVALUATED,1
0,0,0,0,INSUFFICIENT_EVIDENCE,0,0,,,,,,,Tor-RD1H2026-1019-8,,0,HIGH_ONLY,,INSUFFICIENT_EVIDENCE,1
153.65114444525895,1,1,1,EVALUATED,0,0,0.0,160.6067563726688,2.0452688585725953,160.6067563726688,2.0452688585725953,2.0452688585725953,Tor-RD1H2026-1019-8,0,0,HIGH_MEDIUM,,EVALUATED,1
44.29978251100457,1,1,1,EVALUATED,0,0,0.0,175.71645667875168,4.966530910961057,175.71645667875168,4.966530910961057,4.966530910961057,Tor-RD1H2026-1019-2,0,0,HIGH_ONLY,,EVALUATED,3
163.58096307009373,3,3,3,EVALUATED,0,0,0.0,175.71645667875168,4.966530910961057,163.39551019618168,4.196822811577956,4.8125892910844374,Tor-RD1H2026-1019-2,,,HIGH_MEDIUM,EDGE_SET_EXCEEDS_BOUND,NOT_EVALUATED,3
0,0,0,0,INSUFFICIENT_EVIDENCE,0,0,,,,,,,Tor-RD012026-1449-1,,0,HIGH_ONLY,,INSUFFICIENT_EVIDENCE,0
0,0,0,0,INSUFFICIENT_EVIDENCE,0,0,,,,,,,Tor-RD012026-1449-1,,0,HIGH_MEDIUM,,INSUFFICIENT_EVIDENCE,0
0,0,0,0,INSUFFICIENT_EVIDENCE,0,0,,,,,,,Tor-RD012026-1402,,0,HIGH_ONLY,,INSUFFICIENT_EVIDENCE,0
0,0,0,0,INSUFFICIENT_EVIDENCE,0,0,,,,,,,Tor-RD012026-1402,,0,HIGH_MEDIUM,,INSUFFICIENT_EVIDENCE,0
0,0,0,0,INSUFFICIENT_EVIDENCE,0,0,,,,,,,Tor-RD012026-1076,,0,HIGH_ONLY,,INSUFFICIENT_EVIDENCE,0
0,0,0,0,INSUFFICIENT_EVIDENCE,0,0,,,,,,,Tor-RD012026-1076,,0,HIGH_MEDIUM,,INSUFFICIENT_EVIDENCE,0
0,0,0,0,INSUFFICIENT_EVIDENCE,0,0,,,,,,,Tor-RD012026-1398,,0,HIGH_ONLY,,INSUFFICIENT_EVIDENCE,0
0,0,0,0,INSUFFICIENT_EVIDENCE,0,0,,,,,,,Tor-RD012026-1398,,0,HIGH_MEDIUM,,INSUFFICIENT_EVIDENCE,0
0,0,0,0,INSUFFICIENT_EVIDENCE,0,0,,,,,,,Tor-RD1H2026-1679,,0,HIGH_ONLY,,INSUFFICIENT_EVIDENCE,3
144.0039704943837,3,3,3,EVALUATED,0,0,0.0,383.8780807955429,9.899244505158604,298.8906069347811,7.326081011368858,9.384611806400656,Tor-RD1H2026-1679,,,HIGH_MEDIUM,EDGE_SET_EXCEEDS_BOUND,NOT_EVALUATED,3
0,0,0,0,INSUFFICIENT_EVIDENCE,0,0,,,,,,,Tor-RD012026-1428-2-2,,0,HIGH_ONLY,,INSUFFICIENT_EVIDENCE,0
0,0,0,0,INSUFFICIENT_EVIDENCE,0,0,,,,,,,Tor-RD012026-1428-2-2,,0,HIGH_MEDIUM,,INSUFFICIENT_EVIDENCE,0
0,0,0,0,INSUFFICIENT_EVIDENCE,0,0,,,,,,,Tor-RD012026-1428-2-1,,0,HIGH_ONLY,,INSUFFICIENT_EVIDENCE,1
18.420793772870315,1,1,1,EVALUATED,0,0,0.0,252.17268843476765,14.689566885340266,252.17268843476765,14.689566885340266,14.689566885340266,Tor-RD012026-1428-2-1,0,0,HIGH_MEDIUM,,EVALUATED,1
0,0,0,0,INSUFFICIENT_EVIDENCE,0,0,,,,,,,Tor-RD012026-1318-4,,0,HIGH_ONLY,,INSUFFICIENT_EVIDENCE,0
0,0,0,0,INSUFFICIENT_EVIDENCE,0,0,,,,,,,Tor-RD012026-1318-4,,0,HIGH_MEDIUM,,INSUFFICIENT_EVIDENCE,0
0,0,0,0,INSUFFICIENT_EVIDENCE,0,0,,,,,,,Tor-RD012026-1318-2,,0,HIGH_ONLY,,INSUFFICIENT_EVIDENCE,0
0,0,0,0,INSUFFICIENT_EVIDENCE,0,0,,,,,,,Tor-RD012026-1318-2,,0,HIGH_MEDIUM,,INSUFFICIENT_EVIDENCE,0
0,0,0,0,INSUFFICIENT_EVIDENCE,0,0,,,,,,,Tor-RD012026-1318-1,,0,HIGH_ONLY,,INSUFFICIENT_EVIDENCE,0
0,0,0,0,INSUFFICIENT_EVIDENCE,0,0,,,,,,,Tor-RD012026-1318-1,,0,HIGH_MEDIUM,,INSUFFICIENT_EVIDENCE,0
0,0,0,0,INSUFFICIENT_EVIDENCE,0,0,,,,,,,Tor-RD042026-1124-1,,0,HIGH_ONLY,,INSUFFICIENT_EVIDENCE,1
30.88113895699885,1,1,1,EVALUATED,0,0,0.0,805.3970005370011,27.080547147515983,805.3970005370011,27.080547147515983,27.080547147515983,Tor-RD042026-1124-1,0,0,HIGH_MEDIUM,,EVALUATED,1
21.97767107961804,1,1,1,EVALUATED,0,0,0.0,39.024901301906766,2.775661359228286,39.024901301906766,2.775661359228286,2.775661359228286,Tor-RD52026-4238-6,0,0,HIGH_ONLY,,EVALUATED,1
21.97767107961804,1,1,1,EVALUATED,0,0,0.0,39.024901301906766,2.775661359228286,39.024901301906766,2.775661359228286,2.775661359228286,Tor-RD52026-4238-6,0,0,HIGH_MEDIUM,,EVALUATED,1
74.31640079124745,2,2,2,EVALUATED,0,0,0.0,347.89862598979937,8.291899147572627,198.622278619076,5.573291649460092,7.74817764795012,Tor-RD52026-4238-2,0,0,HIGH_ONLY,,EVALUATED,4
123.39665414003582,4,4,4,EVALUATED,0,0,0.0,347.89862598979937,8.291899147572627,52.04704849222523,3.2428236270423376,6.893618334121975,Tor-RD52026-4238-2,,,HIGH_MEDIUM,EDGE_SET_EXCEEDS_BOUND,NOT_EVALUATED,4
0,0,0,0,INSUFFICIENT_EVIDENCE,0,0,,,,,,,Tor-RD022026-23-5,,0,HIGH_ONLY,,INSUFFICIENT_EVIDENCE,1
18.642268008586154,1,1,1,EVALUATED,0,0,0.0,368.3051910759498,20.756458329336205,368.3051910759498,20.756458329336205,20.756458329336205,Tor-RD022026-23-5,0,0,HIGH_MEDIUM,,EVALUATED,1
0,0,0,0,INSUFFICIENT_EVIDENCE,0,0,,,,,,,Tor-RD022026-23-3,,0,HIGH_ONLY,,INSUFFICIENT_EVIDENCE,2
50.25521089437832,2,2,2,EVALUATED,0,0,0.0,58.589891389941485,3.665099349820978,49.20712073883453,3.036879846618944,3.539455449180571,Tor-RD022026-23-3,0,0,HIGH_MEDIUM,,EVALUATED,2
18.764208274237696,1,1,1,EVALUATED,0,0,0.0,363.6880770776432,20.38201024857353,363.6880770776432,20.38201024857353,20.38201024857353,Tor-RD042026-882,0,0,HIGH_ONLY,,EVALUATED,1
18.764208274237696,1,1,1,EVALUATED,0,0,0.0,363.6880770776432,20.38201024857353,363.6880770776432,20.38201024857353,20.38201024857353,Tor-RD042026-882,0,0,HIGH_MEDIUM,,EVALUATED,1
0,0,0,0,INSUFFICIENT_EVIDENCE,0,0,,,,,,,11804404-2,,0,HIGH_ONLY,,INSUFFICIENT_EVIDENCE,0
0,0,0,0,INSUFFICIENT_EVIDENCE,0,0,,,,,,,11804404-2,,0,HIGH_MEDIUM,,INSUFFICIENT_EVIDENCE,0
34.610110758113045,1,1,1,EVALUATED,0,0,0.0,78.7714312383377,3.2759658814403734,78.7714312383377,3.2759658814403734,3.2759658814403734,11804404-1,0,0,HIGH_ONLY,,EVALUATED,1
34.610110758113045,1,1,1,EVALUATED,0,0,0.0,78.7714312383377,3.2759658814403734,78.7714312383377,3.2759658814403734,3.2759658814403734,11804404-1,0,0,HIGH_MEDIUM,,EVALUATED,1
0,0,0,0,INSUFFICIENT_EVIDENCE,0,0,,,,,,,11804404-3,,0,HIGH_ONLY,,INSUFFICIENT_EVIDENCE,0
0,0,0,0,INSUFFICIENT_EVIDENCE,0,0,,,,,,,11804404-3,,0,HIGH_MEDIUM,,INSUFFICIENT_EVIDENCE,0
0,0,0,0,INSUFFICIENT_EVIDENCE,1,0,,,,,,,Tor-RDAR2024-6525-1,,0,HIGH_ONLY,,INSUFFICIENT_EVIDENCE,1
0,0,0,0,INSUFFICIENT_EVIDENCE,1,0,,,,,,,Tor-RDAR2024-6525-1,,0,HIGH_MEDIUM,,INSUFFICIENT_EVIDENCE,1
0,0,0,0,INSUFFICIENT_EVIDENCE,0,0,,,,,,,Tor-RDAR2024-6525-2,,0,HIGH_ONLY,,INSUFFICIENT_EVIDENCE,0
0,0,0,0,INSUFFICIENT_EVIDENCE,0,0,,,,,,,Tor-RDAR2024-6525-2,,0,HIGH_MEDIUM,,INSUFFICIENT_EVIDENCE,0
0,0,0,0,INSUFFICIENT_EVIDENCE,0,0,,,,,,,Tor-RD1S2025-331-1,,0,HIGH_ONLY,,INSUFFICIENT_EVIDENCE,5
179.84533101409326,5,5,5,EVALUATED,0,0,0.0,231.36510094685886,16.09354325278992,152.194229953967,4.49014160576184,11.48630808509674,Tor-RD1S2025-331-1,,,HIGH_MEDIUM,EDGE_SET_EXCEEDS_BOUND,NOT_EVALUATED,5
0,0,0,0,INSUFFICIENT_EVIDENCE,0,0,,,,,,,Tor-RD012025-353,,0,HIGH_ONLY,,INSUFFICIENT_EVIDENCE,0
0,0,0,0,INSUFFICIENT_EVIDENCE,0,0,,,,,,,Tor-RD012025-353,,0,HIGH_MEDIUM,,INSUFFICIENT_EVIDENCE,0
0,0,0,0,INSUFFICIENT_EVIDENCE,0,0,,,,,,,10863908,,0,HIGH_ONLY,,INSUFFICIENT_EVIDENCE,1
430.0602412925801,1,1,1,EVALUATED,0,0,0.0,3643.090131828627,9.471115862463899,3643.090131828627,9.471115862463899,9.471115862463899,10863908,0,0,HIGH_MEDIUM,,EVALUATED,1
